{"cameraMode":{"drawMode":0,"name":"Shaded","section":"Shading Mode"},"sceneLighting":true,"audioPlay":false,"sceneViewState":{"showFog":true,"showMaterialUpdate":false,"showSkybox":true,"showFlares":true,"showImageEffects":true,"showParticleSystems":true},"in2DMode":false,"pivot":{"x":-0.43056684732437136,"y":0.3146020174026489,"z":0.11168038845062256},"rotation":{"x":-0.14822404086589814,"y":-0.8414311408996582,"z":0.2886311709880829,"w":-0.43210557103157046},"size":0.0034377574920654299,"orthographic":false}