{"cameraMode":{"drawMode":0,"name":"Shaded","section":"Shading Mode"},"sceneLighting":false,"audioPlay":false,"sceneViewState":{"showFog":true,"showMaterialUpdate":false,"showSkybox":true,"showFlares":true,"showImageEffects":true,"showParticleSystems":true},"in2DMode":false,"pivot":{"x":-3.9284911155700685,"y":1.8860628604888917,"z":4.478262901306152},"rotation":{"x":0.1263859122991562,"y":0.6685585379600525,"z":-0.11679131537675858,"w":0.72347491979599},"size":2.8578836917877199,"orthographic":false}